n_total,historic_static_mean,historic_dynamic_mean,multiplier,static_prop_sim,dynamic_prop_sim,n_static,n_dynamic,city
201,0.7788778877887789,0.22112211221122113,0.982697227660556,0.7654011410161426,0.23459885898385735,154,47,1
214,0.8136645962732919,0.18633540372670807,1.0487276843337925,0.8533125878740796,0.1466874121259204,183,31,1004
23,0.7428571428571429,0.2571428571428571,0.9818710838485517,0.7293899480017813,0.27061005199821875,17,6,126
637,0.6715328467153284,0.3284671532846715,1.028854893582003,0.6909098555441188,0.30909014445588123,440,197,149
5,0.42857142857142855,0.5714285714285714,1.0369896511696217,0.44442413621555216,0.5555758637844479,2,3,150
1,1.0,0.0,0.9891084806539194,0.9891084806539194,0.01089151934608057,1,0,830
19,0.5862068965517241,0.41379310344827586,0.9937881873122799,0.5825654891140951,0.4174345108859049,11,8,844
