n_total,historic_static_mean,historic_dynamic_mean,multiplier,static_prop_sim,dynamic_prop_sim,n_static,n_dynamic,city
22,0.7788778877887789,0.22112211221122113,1.1671298334287248,0.9090516194362345,0.09094838056376553,20,2,1
23,0.8136645962732919,0.18633540372670807,1.19736210131922,0.9742511507628435,0.02574884923715648,22,1,1004
3,0.7428571428571429,0.2571428571428571,1.3102548930412794,0.9733322062592361,0.02666779374076389,3,0,126
69,0.6705020920502092,0.3294979079497908,1.2664324072128736,0.8491455784764141,0.15085442152358586,59,10,149
1,0.42857142857142855,0.5714285714285714,1.1688257284480799,0.5009253121920342,0.4990746878079658,1,0,150
0,1.0,0.0,1.2366253880472948,1.0,0.0,0,0,830
2,0.5862068965517241,0.41379310344827586,1.2458102596281668,0.7303025659889253,0.2696974340110747,1,1,844
