n_total,historic_static_mean,historic_dynamic_mean,multiplier,static_prop_sim,dynamic_prop_sim,n_static,n_dynamic,city
201,0.7788778877887789,0.22112211221122113,0.9761612134249317,0.7603103840537422,0.23968961594625782,153,48,1
214,0.8136645962732919,0.18633540372670807,0.9798491143414123,0.7972685340293478,0.20273146597065217,171,43,1004
23,0.7428571428571429,0.2571428571428571,1.031422574059428,0.7661996264441466,0.23380037355585337,18,5,126
637,0.6715328467153284,0.3284671532846715,0.9591915942135096,0.6441286618076123,0.3558713381923877,410,227,149
5,0.42857142857142855,0.5714285714285714,1.0100100525965654,0.4328614511128137,0.5671385488871863,2,3,150
1,1.0,0.0,1.0228560526811794,1.0,0.0,1,0,830
19,0.5862068965517241,0.41379310344827586,0.9687901073366603,0.5679114422318353,0.4320885577681647,11,8,844
