n_total,historic_static_mean,historic_dynamic_mean,multiplier,static_prop_sim,dynamic_prop_sim,n_static,n_dynamic,city
29,0.7788778877887789,0.22112211221122113,0.811000584749076,0.6316704224448249,0.36832957755517515,18,11,1
31,0.8136645962732919,0.18633540372670807,0.8115881579472988,0.6603605508763735,0.33963944912362654,20,11,1004
3,0.7428571428571429,0.2571428571428571,0.7530651122084284,0.5594197976405468,0.44058020235945317,2,1,126
93,0.6715328467153284,0.3284671532846715,0.7071602760176283,0.4748813532381153,0.5251186467618847,44,49,149
1,0.42857142857142855,0.5714285714285714,0.6607861404763313,0.283194060204142,0.7168059397958579,0,1,150
0,1.0,0.0,0.7266737761571036,0.7266737761571036,0.2733262238428964,0,0,830
3,0.5862068965517241,0.41379310344827586,0.7316946410839997,0.4289244447733791,0.5710755552266209,1,2,844
