n_total,historic_static_mean,historic_dynamic_mean,multiplier,static_prop_sim,dynamic_prop_sim,n_static,n_dynamic,city
183,0.7788778877887789,0.22112211221122113,0.9011821624700256,0.7019108592175777,0.2980891407824223,128,55,1
194,0.8136645962732919,0.18633540372670807,0.9450463696325935,0.7689507728066444,0.23104922719335563,149,45,1004
21,0.7428571428571429,0.2571428571428571,0.8644159612719633,0.6421375712306013,0.35786242876939867,13,8,126
579,0.6715328467153284,0.3284671532846715,0.9448649447137244,0.6345078460851288,0.3654921539148712,367,212,149
4,0.42857142857142855,0.5714285714285714,0.8811831452010486,0.3776499193718779,0.6223500806281221,2,2,150
1,1.0,0.0,0.8923326448972575,0.8923326448972575,0.1076673551027425,1,0,830
18,0.5862068965517241,0.41379310344827586,0.9327702593820442,0.5467963589480949,0.45320364105190514,10,8,844
