n_total,historic_static_mean,historic_dynamic_mean,multiplier,static_prop_sim,dynamic_prop_sim,n_static,n_dynamic,city
29,0.7788778877887789,0.22112211221122113,0.7576328702943886,0.5901034897342433,0.4098965102657567,17,12,1
31,0.8136645962732919,0.18633540372670807,0.7186541739626677,0.5847434583174501,0.4152565416825499,18,13,1004
3,0.7428571428571429,0.2571428571428571,0.7238134479590757,0.5376899899124562,0.4623100100875438,2,1,126
93,0.6705020920502092,0.3294979079497908,0.7248993531175765,0.4860465327911783,0.5139534672088217,45,48,149
1,0.42857142857142855,0.5714285714285714,0.8474889980372933,0.3632095705874114,0.6367904294125886,0,1,150
0,1.0,0.0,0.7765512545214293,0.7765512545214293,0.22344874547857074,0,0,830
3,0.5862068965517241,0.41379310344827586,0.7848647861008987,0.4600931504729406,0.5399068495270594,1,2,844
