n_total,historic_static_mean,historic_dynamic_mean,multiplier,static_prop_sim,dynamic_prop_sim,n_static,n_dynamic,city
174,0.7788778877887789,0.22112211221122113,1.1125095466604666,0.8665090858477562,0.1334909141522438,151,23,1
185,0.8136645962732919,0.18633540372670807,1.1397213800969574,0.92735093660063,0.07264906339937005,172,13,1004
20,0.7428571428571429,0.2571428571428571,1.1275685690245192,0.8376223655610714,0.1623776344389286,17,3,126
549,0.6715328467153284,0.3284671532846715,1.072520718999059,0.720232891590609,0.279767108409391,395,154,149
4,0.42857142857142855,0.5714285714285714,1.0800166284911226,0.46286426935333824,0.5371357306466618,2,2,150
1,1.0,0.0,1.137355344539626,1.0,0.0,1,0,830
17,0.5862068965517241,0.41379310344827586,1.0505265304565574,0.6158258971641888,0.3841741028358112,10,7,844
