n_total,historic_static_mean,historic_dynamic_mean,multiplier,static_prop_sim,dynamic_prop_sim,n_static,n_dynamic,city
29,0.7788778877887789,0.22112211221122113,0.7023224268498632,0.5470234083715106,0.45297659162848936,16,13,1
31,0.8136645962732919,0.18633540372670807,0.7096982286828246,0.5774563227170809,0.4225436772829191,18,13,1004
3,0.7428571428571429,0.2571428571428571,0.812845148118856,0.6038278243168644,0.39617217568313556,2,1,126
93,0.6715328467153284,0.3284671532846715,0.6683831884270194,0.4488412652210641,0.551158734778936,42,51,149
1,0.42857142857142855,0.5714285714285714,0.7700201051931308,0.3300086165113418,0.6699913834886582,0,1,150
0,1.0,0.0,0.7957121053623589,0.7957121053623589,0.20428789463764108,0,0,830
3,0.5862068965517241,0.41379310344827586,0.6875802146733208,0.4030642637740156,0.5969357362259844,1,2,844
