n_total,historic_static_mean,historic_dynamic_mean,multiplier,static_prop_sim,dynamic_prop_sim,n_static,n_dynamic,city
165,0.7788778877887789,0.22112211221122113,1.0610005847490762,0.8263898943920197,0.1736101056079803,136,29,1
175,0.8136645962732919,0.18633540372670807,1.0615881579472988,0.8637766999446965,0.13622330005530348,151,24,1004
19,0.7428571428571429,0.2571428571428571,1.0030651122084284,0.7451340833548326,0.25486591664516745,14,5,126
520,0.6715328467153284,0.3284671532846715,0.9571602760176283,0.6427645649169474,0.35723543508305255,334,186,149
4,0.42857142857142855,0.5714285714285714,0.9107861404763313,0.3903369173469991,0.609663082653001,2,2,150
1,1.0,0.0,0.9766737761571037,0.9766737761571037,0.023326223842896288,1,0,830
16,0.5862068965517241,0.41379310344827586,0.9816946410839997,0.5754761689113101,0.42452383108868985,9,7,844
