n_total,historic_static_mean,historic_dynamic_mean,multiplier,static_prop_sim,dynamic_prop_sim,n_static,n_dynamic,city
51,0.7788778877887789,0.22112211221122113,1.215394455321112,0.9466438661907011,0.05335613380929893,48,3,1
55,0.8136645962732919,0.18633540372670807,1.3474553686675852,1.0,0.0,55,0,1004
6,0.7428571428571429,0.2571428571428571,1.2137421676971034,0.9016370388607055,0.09836296113929455,5,1,126
162,0.6705020920502092,0.3294979079497908,1.3077097871640058,0.8768221480879996,0.12317785191200037,142,20,149
1,0.42857142857142855,0.5714285714285714,1.3239793023392432,0.5674197010025328,0.4325802989974672,1,0,150
0,1.0,0.0,1.2282169613078389,1.0,0.0,0,0,830
5,0.5862068965517241,0.41379310344827586,1.2375763746245598,0.7254758058143971,0.2745241941856029,4,1,844
