n_total,historic_static_mean,historic_dynamic_mean,multiplier,static_prop_sim,dynamic_prop_sim,n_static,n_dynamic,city
165,0.7788778877887789,0.22112211221122113,1.2773923374642908,0.9949326456817579,0.005067354318242123,164,1,1
175,0.8136645962732919,0.18633540372670807,1.203957342752774,0.9796174652212013,0.0203825347787987,171,4,1004
19,0.7428571428571429,0.2571428571428571,1.158194704787239,0.8603732092705204,0.1396267907294796,16,3,126
520,0.6715328467153284,0.3284671532846715,1.1533055271057058,0.774482543749817,0.22551745625018305,403,117,149
4,0.42857142857142855,0.5714285714285714,1.3126540478400546,0.5625660205028805,0.4374339794971195,2,2,150
1,1.0,0.0,1.3325511154555445,1.0,0.0,1,0,830
16,0.5862068965517241,0.41379310344827586,1.271327155153436,0.7452607461244279,0.25473925387557206,12,4,844
