n_total,historic_static_mean,historic_dynamic_mean,multiplier,static_prop_sim,dynamic_prop_sim,n_static,n_dynamic,city
59,0.7788778877887789,0.22112211221122113,0.9523224268498633,0.7417428803187054,0.2582571196812946,44,15,1
62,0.8136645962732919,0.18633540372670807,0.9596982286828247,0.780872471785404,0.21912752821459602,48,14,1004
7,0.7428571428571429,0.2571428571428571,1.062845148118856,0.7895421100311503,0.21045788996884973,6,1,126
185,0.6705020920502092,0.3294979079497908,0.9183831884270194,0.615777849144058,0.384222150855942,114,71,149
1,0.42857142857142855,0.5714285714285714,1.0200201051931308,0.4371514736541989,0.5628485263458012,0,1,150
0,1.0,0.0,1.045712105362359,1.0,0.0,0,0,830
6,0.5862068965517241,0.41379310344827586,0.9375802146733208,0.5496159879119467,0.45038401208805334,3,3,844
