n_total,historic_static_mean,historic_dynamic_mean,multiplier,static_prop_sim,dynamic_prop_sim,n_static,n_dynamic,city
37,0.7788778877887789,0.22112211221122113,0.9171298334287249,0.7143321474890398,0.28566785251096016,26,11,1
39,0.8136645962732919,0.18633540372670807,0.9473621013192199,0.7708350016945206,0.22916499830547943,30,9,1004
4,0.7428571428571429,0.2571428571428571,1.0602548930412794,0.7876179205449504,0.2123820794550496,3,1,126
115,0.6705020920502092,0.3294979079497908,1.0164324072128736,0.6815200554638619,0.31847994453613815,78,37,149
1,0.42857142857142855,0.5714285714285714,0.9188257284480799,0.3937824550491771,0.6062175449508229,0,1,150
0,1.0,0.0,0.9866253880472948,0.9866253880472948,0.013374611952705173,0,0,830
4,0.5862068965517241,0.41379310344827586,0.9958102596281668,0.5837508418509944,0.41624915814900565,2,2,844
