n_total,historic_static_mean,historic_dynamic_mean,multiplier,static_prop_sim,dynamic_prop_sim,n_static,n_dynamic,city
22,0.7788778877887789,0.22112211221122113,1.0250190933209335,0.7983647063489779,0.20163529365102206,18,4,1
23,0.8136645962732919,0.18633540372670807,1.0794427601939152,0.8783043576733098,0.12169564232669017,20,3,1004
3,0.7428571428571429,0.2571428571428571,1.0551371380490389,0.7838161596935718,0.21618384030642823,2,1,126
69,0.6705020920502092,0.3294979079497908,0.9450414379981185,0.6336522612518765,0.36634773874812354,44,25,149
1,0.42857142857142855,0.5714285714285714,0.9600332569822452,0.4114428244209622,0.5885571755790378,0,1,150
0,1.0,0.0,1.0747106890792524,1.0,0.0,0,0,830
2,0.5862068965517241,0.41379310344827586,0.901053060913115,0.5282035184663088,0.47179648153369125,1,1,844
