n_total,historic_static_mean,historic_dynamic_mean,multiplier,static_prop_sim,dynamic_prop_sim,n_static,n_dynamic,city
44,0.7788778877887789,0.22112211221122113,0.8240498407940169,0.6418341994303234,0.3581658005696766,28,16,1
47,0.8136645962732919,0.18633540372670807,0.7073634418175111,0.5755565893049314,0.42444341069506863,27,20,1004
5,0.7428571428571429,0.2571428571428571,0.7706296300103124,0.5724677251505178,0.4275322748494822,3,2,126
139,0.6705020920502092,0.3294979079497908,0.8055068165840358,0.5400940056803001,0.4599059943196999,75,64,149
1,0.42857142857142855,0.5714285714285714,0.7932149259207131,0.3399492539660199,0.6600507460339802,0,1,150
0,1.0,0.0,0.8330760240981014,0.8330760240981014,0.16692397590189856,0,0,830
4,0.5862068965517241,0.41379310344827586,0.8220787298365769,0.48190822093868296,0.5180917790613171,2,2,844
