n_total,historic_static_mean,historic_dynamic_mean,multiplier,static_prop_sim,dynamic_prop_sim,n_static,n_dynamic,city
192,0.7788778877887789,0.22112211221122113,1.0011821624700257,0.7797986479964556,0.2202013520035444,150,42,1
204,0.8136645962732919,0.18633540372670807,1.0450463696325936,0.8503172324339736,0.1496827675660264,173,31,1004
22,0.7428571428571429,0.2571428571428571,0.9644159612719634,0.7164232855163157,0.28357671448368427,16,6,126
609,0.6715328467153284,0.3284671532846715,1.0448649447137244,0.7016611307566616,0.2983388692433384,427,182,149
4,0.42857142857142855,0.5714285714285714,0.9811831452010485,0.4205070622290208,0.5794929377709792,2,2,150
1,1.0,0.0,0.9923326448972576,0.9923326448972576,0.0076673551027424125,1,0,830
18,0.5862068965517241,0.41379310344827586,1.0327702593820443,0.6054170486032673,0.3945829513967327,11,7,844
