n_total,historic_static_mean,historic_dynamic_mean,multiplier,static_prop_sim,dynamic_prop_sim,n_static,n_dynamic,city
192,0.7788778877887789,0.22112211221122113,0.8761612134249316,0.6824225952748642,0.31757740472513585,131,61,1
204,0.8136645962732919,0.18633540372670807,0.8798491143414123,0.7159020744020187,0.2840979255979813,146,58,1004
22,0.7428571428571429,0.2571428571428571,0.931422574059428,0.6919139121584322,0.30808608784156777,15,7,126
609,0.6715328467153284,0.3284671532846715,0.8591915942135097,0.5769753771360795,0.4230246228639205,351,258,149
4,0.42857142857142855,0.5714285714285714,0.9100100525965653,0.39000430825567084,0.6099956917443292,2,2,150
1,1.0,0.0,0.9228560526811794,0.9228560526811794,0.07714394731882057,1,0,830
18,0.5862068965517241,0.41379310344827586,0.8687901073366603,0.5092907525766629,0.4907092474233371,9,9,844
