n_total,historic_static_mean,historic_dynamic_mean,multiplier,static_prop_sim,dynamic_prop_sim,n_static,n_dynamic,city
37,0.7788778877887789,0.22112211221122113,1.027392337464291,0.8002131737345634,0.19978682626543665,30,7,1
39,0.8136645962732919,0.18633540372670807,0.9539573427527741,0.7762013161528782,0.22379868384712176,30,9,1004
4,0.7428571428571429,0.2571428571428571,0.908194704787239,0.6746589235562347,0.3253410764437653,3,1,126
115,0.6705020920502092,0.3294979079497908,0.9033055271057059,0.6056682456848927,0.39433175431510725,70,45,149
1,0.42857142857142855,0.5714285714285714,1.0626540478400546,0.45542316336002336,0.5445768366399766,0,1,150
0,1.0,0.0,1.0825511154555445,1.0,0.0,0,0,830
4,0.5862068965517241,0.41379310344827586,1.021327155153436,0.5987090219864969,0.4012909780135031,2,2,844
