n_total,historic_static_mean,historic_dynamic_mean,multiplier,static_prop_sim,dynamic_prop_sim,n_static,n_dynamic,city
179,0.7375,0.2625,1.033098331888911,0.7619100197680719,0.23808998023192807,136,43,1
204,0.7197802197802198,0.2802197802197802,0.9860946666834256,0.7097714359094986,0.29022856409050135,145,59,1004
34,0.4262295081967213,0.5737704918032787,1.0202739305582056,0.43487085564775974,0.5651291443522403,15,19,126
599,0.6001863932898416,0.3998136067101584,1.0360118786652595,0.6218002328615351,0.3781997671384649,372,227,149
8,0.21428571428571427,0.7857142857142857,1.0141317480788166,0.21731394601688925,0.7826860539831108,2,6,150
4,0.14285714285714285,0.8571428571428571,1.0048363208813313,0.14354804584019018,0.8564519541598098,1,3,830
22,0.4358974358974359,0.5641025641025641,1.0262313422531193,0.4473316107257187,0.5526683892742813,10,12,844
