n_total,historic_static_mean,historic_dynamic_mean,multiplier,static_prop_sim,dynamic_prop_sim,n_static,n_dynamic,city
183,0.7788778877887789,0.22112211221122113,0.9585649167143624,0.7466050176389093,0.2533949823610907,137,46,1
194,0.8136645962732919,0.18633540372670807,0.97368105065961,0.7922497989839062,0.20775020101609376,154,40,1004
21,0.7428571428571429,0.2571428571428571,1.0301274465206398,0.7652375317010467,0.2347624682989533,16,5,126
579,0.6715328467153284,0.3284671532846715,1.0082162036064368,0.6770502973123517,0.32294970268764833,392,187,149
4,0.42857142857142855,0.5714285714285714,0.9594128642240399,0.4111769418103028,0.5888230581896972,2,2,150
1,1.0,0.0,0.9933126940236474,0.9933126940236474,0.006687305976352587,1,0,830
18,0.5862068965517241,0.41379310344827586,0.9979051298140834,0.5849788692013592,0.4150211307986408,11,7,844
