n_total,historic_static_mean,historic_dynamic_mean,multiplier,static_prop_sim,dynamic_prop_sim,n_static,n_dynamic,city
44,0.7788778877887789,0.22112211221122113,1.0076328702943886,0.7848229616814381,0.21517703831856194,35,9,1
47,0.8136645962732919,0.18633540372670807,0.9686541739626677,0.7881596073857731,0.21184039261422694,37,10,1004
5,0.7428571428571429,0.2571428571428571,0.9738134479590757,0.7234042756267419,0.2765957243732581,4,1,126
139,0.6705020920502092,0.3294979079497908,0.9748993531175765,0.6536720558037307,0.34632794419626933,91,48,149
1,0.42857142857142855,0.5714285714285714,1.0974889980372935,0.47035242773026864,0.5296475722697314,0,1,150
0,1.0,0.0,1.0265512545214293,1.0,0.0,0,0,830
4,0.5862068965517241,0.41379310344827586,1.0348647861008988,0.6066448746108717,0.3933551253891283,2,2,844
