n_total,historic_static_mean,historic_dynamic_mean,multiplier,static_prop_sim,dynamic_prop_sim,n_static,n_dynamic,city
22,0.7788778877887789,0.22112211221122113,0.7523643249400513,0.5859999362569377,0.4140000637430623,13,9,1
23,0.8136645962732919,0.18633540372670807,0.840092739265187,0.6835537195263323,0.31644628047366774,16,7,1004
3,0.7428571428571429,0.2571428571428571,0.6788319225439268,0.5042751424612028,0.49572485753879725,2,1,126
69,0.6715328467153284,0.3284671532846715,0.8397298894274488,0.5639062031191626,0.4360937968808374,39,30,149
1,0.42857142857142855,0.5714285714285714,0.7123662904020971,0.3052998387437559,0.6947001612562441,0,1,150
0,1.0,0.0,0.7346652897945152,0.7346652897945152,0.2653347102054848,0,0,830
2,0.5862068965517241,0.41379310344827586,0.8155405187640883,0.4780754765168793,0.5219245234831207,1,1,844
