n_total,historic_static_mean,historic_dynamic_mean,multiplier,static_prop_sim,dynamic_prop_sim,n_static,n_dynamic,city
174,0.7788778877887789,0.22112211221122113,0.8585649167143624,0.6687172288600315,0.3312827711399685,116,58,1
185,0.8136645962732919,0.18633540372670807,0.87368105065961,0.7108833393565771,0.2891166606434229,132,53,1004
20,0.7428571428571429,0.2571428571428571,0.9301274465206396,0.6909518174153323,0.3090481825846677,14,6,126
549,0.6715328467153284,0.3284671532846715,0.9082162036064367,0.6098970126408187,0.39010298735918125,335,214,149
4,0.42857142857142855,0.5714285714285714,0.8594128642240398,0.3683197989531599,0.6316802010468401,1,3,150
1,1.0,0.0,0.8933126940236473,0.8933126940236473,0.10668730597635268,1,0,830
17,0.5862068965517241,0.41379310344827586,0.8979051298140833,0.5263581795461867,0.4736418204538133,9,8,844
