n_total,historic_static_mean,historic_dynamic_mean,multiplier,static_prop_sim,dynamic_prop_sim,n_static,n_dynamic,city
59,0.7788778877887789,0.22112211221122113,0.811000584749076,0.6316704224448249,0.36832957755517515,37,22,1
62,0.8136645962732919,0.18633540372670807,0.8115881579472988,0.6603605508763735,0.33963944912362654,41,21,1004
7,0.7428571428571429,0.2571428571428571,0.7530651122084284,0.5594197976405468,0.44058020235945317,4,3,126
185,0.6705020920502092,0.3294979079497908,0.7071602760176283,0.4741524444846231,0.5258475555153769,88,97,149
1,0.42857142857142855,0.5714285714285714,0.6607861404763313,0.283194060204142,0.7168059397958579,0,1,150
0,1.0,0.0,0.7266737761571036,0.7266737761571036,0.2733262238428964,0,0,830
6,0.5862068965517241,0.41379310344827586,0.7316946410839997,0.4289244447733791,0.5710755552266209,3,3,844
