n_total,historic_static_mean,historic_dynamic_mean,multiplier,static_prop_sim,dynamic_prop_sim,n_static,n_dynamic,city
44,0.7788778877887789,0.22112211221122113,1.2750190933209333,0.9930841782961725,0.0069158217038275405,44,0,1
47,0.8136645962732919,0.18633540372670807,1.3294427601939152,1.0,0.0,47,0,1004
5,0.7428571428571429,0.2571428571428571,1.3051371380490389,0.9695304454078575,0.03046955459214251,5,0,126
139,0.6715328467153284,0.3284671532846715,1.1950414379981182,0.802509578801656,0.19749042119834403,112,27,149
1,0.42857142857142855,0.5714285714285714,1.210033256982245,0.5185856815638192,0.48141431843618077,1,0,150
0,1.0,0.0,1.3247106890792524,1.0,0.0,0,0,830
4,0.5862068965517241,0.41379310344827586,1.1510530609131149,0.6747552426042397,0.3252447573957603,3,1,844
