n_total,historic_static_mean,historic_dynamic_mean,multiplier,static_prop_sim,dynamic_prop_sim,n_static,n_dynamic,city
192,0.7788778877887789,0.22112211221122113,0.9370249203970085,0.7298279908042706,0.27017200919572937,140,52,1
204,0.8136645962732919,0.18633540372670807,0.8786817209087555,0.7149522076959439,0.2850477923040561,146,58,1004
22,0.7428571428571429,0.2571428571428571,0.9103148150051561,0.6762338625752589,0.32376613742474114,15,7,126
609,0.6715328467153284,0.3284671532846715,0.9277534082920178,0.6230168873201871,0.3769831126798129,379,230,149
4,0.42857142857142855,0.5714285714285714,0.9216074629603564,0.3949746269830099,0.6050253730169901,2,2,150
1,1.0,0.0,0.9415380120490507,0.9415380120490507,0.05846198795094926,1,0,830
18,0.5862068965517241,0.41379310344827586,0.9360393649182884,0.5487127311589967,0.45128726884100334,10,8,844
