n_total,historic_static_mean,historic_dynamic_mean,multiplier,static_prop_sim,dynamic_prop_sim,n_static,n_dynamic,city
210,0.7788778877887789,0.22112211221122113,0.882697227660556,0.6875133522372647,0.31248664776273527,144,66,1
224,0.8136645962732919,0.18633540372670807,0.9487276843337925,0.7719461282467505,0.22805387175324954,173,51,1004
24,0.7428571428571429,0.2571428571428571,0.8818710838485516,0.655104233716067,0.34489576628393304,16,8,126
666,0.6715328467153284,0.3284671532846715,0.9288548935820029,0.6237565708725858,0.37624342912741415,415,251,149
5,0.42857142857142855,0.5714285714285714,0.9369896511696215,0.4015669933584092,0.5984330066415908,2,3,150
1,1.0,0.0,0.8891084806539193,0.8891084806539193,0.11089151934608066,1,0,830
20,0.5862068965517241,0.41379310344827586,0.8937881873122798,0.5239447994589226,0.4760552005410774,10,10,844
