n_total,historic_static_mean,historic_dynamic_mean,multiplier,static_prop_sim,dynamic_prop_sim,n_static,n_dynamic,city
37,0.7788778877887789,0.22112211221122113,1.3110005847490762,1.0,0.0,37,0,1
39,0.8136645962732919,0.18633540372670807,1.3115881579472988,1.0,0.0,39,0,1004
4,0.7428571428571429,0.2571428571428571,1.2530651122084284,0.9308483690691183,0.06915163093088172,4,0,126
115,0.6705020920502092,0.3294979079497908,1.2071602760176283,0.8094034905097277,0.1905965094902723,93,22,149
1,0.42857142857142855,0.5714285714285714,1.160786140476331,0.49747977448985614,0.5025202255101439,0,1,150
0,1.0,0.0,1.2266737761571036,1.0,0.0,0,0,830
4,0.5862068965517241,0.41379310344827586,1.2316946410839997,0.7220278930492412,0.2779721069507588,3,1,844
