n_total,historic_static_mean,historic_dynamic_mean,multiplier,static_prop_sim,dynamic_prop_sim,n_static,n_dynamic,city
165,0.7788778877887789,0.22112211221122113,1.2523643249400513,0.9754388801513271,0.02456111984867293,161,4,1
175,0.8136645962732919,0.18633540372670807,1.3400927392651871,1.0,0.0,175,0,1004
19,0.7428571428571429,0.2571428571428571,1.1788319225439268,0.8757037138897742,0.1242962861102258,17,2,126
520,0.6715328467153284,0.3284671532846715,1.3397298894274488,0.8996726264768269,0.10032737352317311,468,52,149
4,0.42857142857142855,0.5714285714285714,1.212366290402097,0.5195855530294702,0.4804144469705298,2,2,150
1,1.0,0.0,1.2346652897945152,1.0,0.0,1,0,830
16,0.5862068965517241,0.41379310344827586,1.3155405187640885,0.7711789247927415,0.22882107520725847,12,4,844
