n_total,historic_static_mean,historic_dynamic_mean,multiplier,static_prop_sim,dynamic_prop_sim,n_static,n_dynamic,city
174,0.7788778877887789,0.22112211221122113,1.082697227660556,0.8432889297950205,0.15671107020497954,147,27,1
185,0.8136645962732919,0.18633540372670807,1.1487276843337926,0.9346790475014088,0.06532095249859116,173,12,1004
20,0.7428571428571429,0.2571428571428571,1.0818710838485517,0.8036756622874955,0.19632433771250446,16,4,126
549,0.6715328467153284,0.3284671532846715,1.1288548935820029,0.7580631402156515,0.24193685978434853,416,133,149
4,0.42857142857142855,0.5714285714285714,1.1369896511696216,0.4872812790726949,0.5127187209273051,2,2,150
1,1.0,0.0,1.0891084806539193,1.0,0.0,1,0,830
17,0.5862068965517241,0.41379310344827586,1.09378818731228,0.6411861787692674,0.3588138212307326,11,6,844
