n_total,historic_static_mean,historic_dynamic_mean,multiplier,static_prop_sim,dynamic_prop_sim,n_static,n_dynamic,city
183,0.7788778877887789,0.22112211221122113,1.0585649167143625,0.8244928064177872,0.17550719358221278,151,32,1
194,0.8136645962732919,0.18633540372670807,1.07368105065961,0.8736162586112354,0.12638374138876463,169,25,1004
21,0.7428571428571429,0.2571428571428571,1.1301274465206397,0.839523245986761,0.16047675401323902,18,3,126
579,0.6715328467153284,0.3284671532846715,1.1082162036064367,0.7442035819838845,0.2557964180161155,431,148,149
4,0.42857142857142855,0.5714285714285714,1.05941286422404,0.45403408466744566,0.5459659153325543,2,2,150
1,1.0,0.0,1.0933126940236473,1.0,0.0,1,0,830
18,0.5862068965517241,0.41379310344827586,1.0979051298140834,0.6435995588565316,0.35640044114346836,12,6,844
