n_total,historic_static_mean,historic_dynamic_mean,multiplier,static_prop_sim,dynamic_prop_sim,n_static,n_dynamic,city
22,0.7788778877887789,0.22112211221122113,0.7576328702943886,0.5901034897342433,0.4098965102657567,13,9,1
23,0.8136645962732919,0.18633540372670807,0.7186541739626677,0.5847434583174501,0.4152565416825499,13,10,1004
3,0.7428571428571429,0.2571428571428571,0.7238134479590757,0.5376899899124562,0.4623100100875438,2,1,126
69,0.6715328467153284,0.3284671532846715,0.7248993531175765,0.4867937261811462,0.5132062738188539,34,35,149
1,0.42857142857142855,0.5714285714285714,0.8474889980372933,0.3632095705874114,0.6367904294125886,0,1,150
0,1.0,0.0,0.7765512545214293,0.7765512545214293,0.22344874547857074,0,0,830
2,0.5862068965517241,0.41379310344827586,0.7848647861008987,0.4600931504729406,0.5399068495270594,1,1,844
