n_total,historic_static_mean,historic_dynamic_mean,multiplier,static_prop_sim,dynamic_prop_sim,n_static,n_dynamic,city
204,0.7375,0.2625,0.9750824458108446,0.7191233037854979,0.28087669621450206,147,57,1
233,0.7197802197802198,0.2802197802197802,1.0446752942859425,0.7519366129201015,0.2480633870798985,175,58,1004
39,0.4262295081967213,0.5737704918032787,0.9689320384539761,0.41298742622628487,0.5870125737737151,16,23,126
686,0.6001863932898416,0.3998136067101584,0.9679291410418107,0.5809379001220187,0.41906209987798126,399,287,149
9,0.21428571428571427,0.7857142857142857,0.9849889240595957,0.21106905515562763,0.7889309448443724,2,7,150
4,0.14285714285714285,0.8571428571428571,0.9730541246589905,0.1390077320941415,0.8609922679058585,1,3,830
25,0.4358974358974359,0.5641025641025641,1.0170445742772785,0.44332712212086495,0.556672877879135,11,14,844
