n_total,historic_static_mean,historic_dynamic_mean,multiplier,static_prop_sim,dynamic_prop_sim,n_static,n_dynamic,city
210,0.7788778877887789,0.22112211221122113,1.1011821624700255,0.8576864367753334,0.1423135632246666,180,30,1
224,0.8136645962732919,0.18633540372670807,1.1450463696325934,0.9316836920613027,0.06831630793869725,209,15,1004
24,0.7428571428571429,0.2571428571428571,1.0644159612719635,0.79070899980203,0.20929100019796998,19,5,126
666,0.6715328467153284,0.3284671532846715,1.1448649447137242,0.7688144154281943,0.2311855845718057,512,154,149
5,0.42857142857142855,0.5714285714285714,1.0811831452010485,0.4633642050861636,0.5366357949138364,2,3,150
1,1.0,0.0,1.0923326448972575,1.0,0.0,1,0,830
20,0.5862068965517241,0.41379310344827586,1.1327702593820441,0.6640377382584396,0.3359622617415604,13,7,844
