n_total,historic_static_mean,historic_dynamic_mean,multiplier,static_prop_sim,dynamic_prop_sim,n_static,n_dynamic,city
220,0.7788778877887789,0.22112211221122113,1.1370249203970084,0.8856035683620264,0.11439643163797364,195,25,1
233,0.8136645962732919,0.18633540372670807,1.0786817209087556,0.8776851269506023,0.1223148730493977,205,28,1004
25,0.7428571428571429,0.2571428571428571,1.110314815005156,0.8248052911466874,0.17519470885331256,21,4,126
695,0.6715328467153284,0.3284671532846715,1.1277534082920178,0.7573234566632527,0.24267654333674726,526,169,149
5,0.42857142857142855,0.5714285714285714,1.1216074629603565,0.48068891269729563,0.5193110873027044,2,3,150
1,1.0,0.0,1.1415380120490506,1.0,0.0,1,0,830
21,0.5862068965517241,0.41379310344827586,1.1360393649182885,0.6659541104693415,0.3340458895306585,14,7,844
