n_total,historic_static_mean,historic_dynamic_mean,multiplier,static_prop_sim,dynamic_prop_sim,n_static,n_dynamic,city
59,0.7788778877887789,0.22112211221122113,1.0023643249400513,0.7807194082041324,0.21928059179586756,46,13,1
62,0.8136645962732919,0.18633540372670807,1.0900927392651871,0.8869698685946553,0.11303013140534468,55,7,1004
7,0.7428571428571429,0.2571428571428571,0.9288319225439268,0.6899894281754885,0.3100105718245115,5,2,126
185,0.6705020920502092,0.3294979079497908,1.0897298894274488,0.7306661706307475,0.26933382936925254,135,50,149
1,0.42857142857142855,0.5714285714285714,0.9623662904020971,0.41244269588661303,0.587557304113387,0,1,150
0,1.0,0.0,0.9846652897945152,0.9846652897945152,0.015334710205484825,0,0,830
6,0.5862068965517241,0.41379310344827586,1.0655405187640885,0.6246272006548105,0.3753727993451895,4,2,844
