n_total,historic_static_mean,historic_dynamic_mean,multiplier,static_prop_sim,dynamic_prop_sim,n_static,n_dynamic,city
210,0.7788778877887789,0.22112211221122113,1.1136961687321454,0.8674333195405489,0.13256668045945108,182,28,1
224,0.8136645962732919,0.18633540372670807,1.0769786713763871,0.8762994158404144,0.12370058415958562,196,28,1004
24,0.7428571428571429,0.2571428571428571,1.0540973523936195,0.783043747492403,0.21695625250759698,19,5,126
666,0.6715328467153284,0.3284671532846715,1.051652763552853,0.7062193740646896,0.2937806259353104,470,196,149
5,0.42857142857142855,0.5714285714285714,1.1313270239200273,0.4848544388228688,0.5151455611771312,2,3,150
1,1.0,0.0,1.141275557727772,1.0,0.0,1,0,830
20,0.5862068965517241,0.41379310344827586,1.110663577576718,0.6510786489242829,0.3489213510757171,13,7,844
