n_total,historic_static_mean,historic_dynamic_mean,multiplier,static_prop_sim,dynamic_prop_sim,n_static,n_dynamic,city
22,0.7788778877887789,0.22112211221122113,1.2576328702943886,0.9795424336286327,0.02045756637136731,22,0,1
23,0.8136645962732919,0.18633540372670807,1.2186541739626677,0.9915757564540961,0.008424243545903876,23,0,1004
3,0.7428571428571429,0.2571428571428571,1.2238134479590757,0.9091185613410276,0.09088143865897236,3,0,126
69,0.6715328467153284,0.3284671532846715,1.2248993531175765,0.8225601495388104,0.1774398504611896,57,12,149
1,0.42857142857142855,0.5714285714285714,1.3474889980372935,0.5774952848731257,0.42250471512687426,1,0,150
0,1.0,0.0,1.2765512545214293,1.0,0.0,0,0,830
2,0.5862068965517241,0.41379310344827586,1.2848647861008988,0.7531965987488027,0.24680340125119726,2,0,844
