n_total,historic_static_mean,historic_dynamic_mean,multiplier,static_prop_sim,dynamic_prop_sim,n_static,n_dynamic,city
29,0.7788778877887789,0.22112211221122113,0.7153944553211121,0.5572049222963117,0.4427950777036883,16,13,1
31,0.8136645962732919,0.18633540372670807,0.8474553686675851,0.6895444304065443,0.31045556959345566,21,10,1004
3,0.7428571428571429,0.2571428571428571,0.7137421676971034,0.530208467432134,0.469791532567866,2,1,126
93,0.6705020920502092,0.3294979079497908,0.8077097871640058,0.541571102062895,0.45842889793710495,50,43,149
1,0.42857142857142855,0.5714285714285714,0.8239793023392432,0.3531339867168185,0.6468660132831815,0,1,150
0,1.0,0.0,0.7282169613078389,0.7282169613078389,0.27178303869216114,0,0,830
3,0.5862068965517241,0.41379310344827586,0.7375763746245597,0.432372357538535,0.567627642461465,1,2,844
