n_total,historic_static_mean,historic_dynamic_mean,multiplier,static_prop_sim,dynamic_prop_sim,n_static,n_dynamic,city
192,0.7788778877887789,0.22112211221122113,1.1443056105572367,0.8912743369356695,0.10872566306433051,171,21,1
204,0.8136645962732919,0.18633540372670807,1.101132755281436,0.8959527387693672,0.10404726123063279,183,21,1004
22,0.7428571428571429,0.2571428571428571,1.1476243705707703,0.8525209609954294,0.1474790390045706,19,3,126
609,0.6715328467153284,0.3284671532846715,1.0580836023895603,0.7105378935754711,0.28946210642452885,433,176,149
4,0.42857142857142855,0.5714285714285714,1.110735583199503,0.4760295356569298,0.5239704643430703,2,2,150
1,1.0,0.0,1.0876486584377272,1.0,0.0,1,0,830
18,0.5862068965517241,0.41379310344827586,1.1301901206985807,0.6625252431681334,0.33747475683186656,12,6,844
