n_total,historic_static_mean,historic_dynamic_mean,multiplier,static_prop_sim,dynamic_prop_sim,n_static,n_dynamic,city
22,0.7788778877887789,0.22112211221122113,0.8386112211144735,0.6531757365776097,0.34682426342239026,14,8,1
23,0.8136645962732919,0.18633540372670807,0.7522655105628723,0.6120918129424613,0.3879081870575387,14,9,1004
3,0.7428571428571429,0.2571428571428571,0.8452487411415408,0.6278990648480017,0.37210093515199827,2,1,126
69,0.6705020920502092,0.3294979079497908,0.6661672047791205,0.4466665044596404,0.5533334955403596,31,38,149
1,0.42857142857142855,0.5714285714285714,0.7714711663990059,0.33063049988528825,0.6693695001147117,0,1,150
0,1.0,0.0,0.7252973168754545,0.7252973168754545,0.2747026831245455,0,0,830
2,0.5862068965517241,0.41379310344827586,0.8103802413971615,0.475050486336267,0.524949513663733,1,1,844
