n_total,historic_static_mean,historic_dynamic_mean,multiplier,static_prop_sim,dynamic_prop_sim,n_static,n_dynamic,city
22,0.7788778877887789,0.22112211221122113,1.2773923374642908,0.9949326456817579,0.005067354318242123,22,0,1
23,0.8136645962732919,0.18633540372670807,1.203957342752774,0.9796174652212013,0.0203825347787987,23,0,1004
3,0.7428571428571429,0.2571428571428571,1.158194704787239,0.8603732092705204,0.1396267907294796,3,0,126
69,0.6705020920502092,0.3294979079497908,1.1533055271057058,0.7732937686974449,0.22670623130255507,53,16,149
1,0.42857142857142855,0.5714285714285714,1.3126540478400546,0.5625660205028805,0.4374339794971195,1,0,150
0,1.0,0.0,1.3325511154555445,1.0,0.0,0,0,830
2,0.5862068965517241,0.41379310344827586,1.271327155153436,0.7452607461244279,0.25473925387557206,1,1,844
