n_total,historic_static_mean,historic_dynamic_mean,multiplier,static_prop_sim,dynamic_prop_sim,n_static,n_dynamic,city
174,0.7788778877887789,0.22112211221122113,0.9443056105572367,0.7354987593779138,0.26450124062208624,128,46,1
185,0.8136645962732919,0.18633540372670807,0.9011327552814361,0.7332198195147088,0.2667801804852912,136,49,1004
20,0.7428571428571429,0.2571428571428571,0.9476243705707704,0.7039495324240009,0.29605046757599907,14,6,126
549,0.6715328467153284,0.3284671532846715,0.8580836023895602,0.5762313242324053,0.4237686757675947,316,233,149
4,0.42857142857142855,0.5714285714285714,0.9107355831995029,0.39031524994264405,0.6096847500573559,2,2,150
1,1.0,0.0,0.8876486584377272,0.8876486584377272,0.11235134156227278,1,0,830
17,0.5862068965517241,0.41379310344827586,0.9301901206985806,0.5452838638577886,0.4547161361422114,9,8,844
