n_total,historic_static_mean,historic_dynamic_mean,multiplier,static_prop_sim,dynamic_prop_sim,n_static,n_dynamic,city
201,0.7788778877887789,0.22112211221122113,1.0136961687321455,0.7895455307616711,0.2104544692383289,159,42,1
214,0.8136645962732919,0.18633540372670807,0.976978671376387,0.7949329562130851,0.20506704378691487,170,44,1004
23,0.7428571428571429,0.2571428571428571,0.9540973523936195,0.7087580332066887,0.29124196679331127,16,7,126
637,0.6715328467153284,0.3284671532846715,0.9516527635528529,0.6390660893931567,0.3609339106068433,407,230,149
5,0.42857142857142855,0.5714285714285714,1.0313270239200272,0.4419972959657259,0.5580027040342741,2,3,150
1,1.0,0.0,1.0412755577277721,1.0,0.0,1,0,830
19,0.5862068965517241,0.41379310344827586,1.010663577576718,0.5924579592691106,0.4075420407308894,11,8,844
