n_total,historic_static_mean,historic_dynamic_mean,multiplier,static_prop_sim,dynamic_prop_sim,n_static,n_dynamic,city
174,0.7788778877887789,0.22112211221122113,1.0038164351471943,0.7818504247351085,0.21814957526489154,136,38,1
185,0.8136645962732919,0.18633540372670807,0.9843270869813339,0.8009121018295325,0.19908789817046746,148,37,1004
20,0.7428571428571429,0.2571428571428571,0.9869067239795378,0.7331307092419425,0.26686929075805754,15,5,126
549,0.6715328467153284,0.3284671532846715,0.9874496765587882,0.6631048922876533,0.33689510771234665,364,185,149
4,0.42857142857142855,0.5714285714285714,1.0487444990186467,0.44946192815084857,0.5505380718491515,2,2,150
1,1.0,0.0,1.0132756272607146,1.0,0.0,1,0,830
17,0.5862068965517241,0.41379310344827586,1.0174323930504494,0.5964258855812978,0.40357411441870217,10,7,844
