n_total,historic_static_mean,historic_dynamic_mean,multiplier,static_prop_sim,dynamic_prop_sim,n_static,n_dynamic,city
51,0.7788778877887789,0.22112211221122113,1.2023224268498631,0.9364623522659,0.06353764773409998,48,3,1
55,0.8136645962732919,0.18633540372670807,1.2096982286828246,0.9842886208537268,0.015711379146273186,54,1,1004
6,0.7428571428571429,0.2571428571428571,1.312845148118856,0.975256395745436,0.02474360425456401,6,0,126
162,0.6705020920502092,0.3294979079497908,1.1683831884270193,0.7834033721566102,0.21659662784338984,127,35,149
1,0.42857142857142855,0.5714285714285714,1.2700201051931308,0.544294330797056,0.455705669202944,1,0,150
0,1.0,0.0,1.295712105362359,1.0,0.0,0,0,830
5,0.5862068965517241,0.41379310344827586,1.1875802146733205,0.6961677120498775,0.3038322879501225,3,2,844
