n_total,historic_static_mean,historic_dynamic_mean,multiplier,static_prop_sim,dynamic_prop_sim,n_static,n_dynamic,city
179,0.7375,0.2625,0.9364797587016586,0.6906538220424733,0.3093461779575267,124,55,1
204,0.7197802197802198,0.2802197802197802,0.9355302514932059,0.6733761700308241,0.32662382996917594,137,67,1004
34,0.4262295081967213,0.5737704918032787,0.9311023398784342,0.3968632924072014,0.6031367075927986,13,21,126
599,0.6001863932898416,0.3998136067101584,0.8761446361416476,0.5258500891660961,0.4741499108339039,315,284,149
8,0.21428571428571427,0.7857142857142857,0.8577199457718421,0.18379713123682329,0.8162028687631767,1,7,150
4,0.14285714285714285,0.8571428571428571,0.9446465780446063,0.13494951114922946,0.8650504888507705,1,3,830
22,0.4358974358974359,0.5641025641025641,0.9113791691047102,0.3972678429430788,0.6027321570569212,9,13,844
