n_total,historic_static_mean,historic_dynamic_mean,multiplier,static_prop_sim,dynamic_prop_sim,n_static,n_dynamic,city
196,0.7375,0.2625,1.0750824458108446,0.7928733037854979,0.20712669621450208,155,41,1
223,0.7197802197802198,0.2802197802197802,1.1446752942859424,0.8239146348981233,0.17608536510187667,184,39,1004
37,0.4262295081967213,0.5737704918032787,1.0689320384539762,0.455610377045957,0.544389622954043,17,20,126
657,0.6001863932898416,0.3998136067101584,1.0679291410418108,0.640956539451003,0.35904346054899705,421,236,149
9,0.21428571428571427,0.7857142857142857,1.0849889240595958,0.2324976265841991,0.7675023734158009,2,7,150
4,0.14285714285714285,0.8571428571428571,1.0730541246589906,0.15329344637985579,0.8467065536201442,1,3,830
24,0.4358974358974359,0.5641025641025641,1.1170445742772783,0.4869168657106085,0.5130831342893916,12,12,844
