n_total,historic_static_mean,historic_dynamic_mean,multiplier,static_prop_sim,dynamic_prop_sim,n_static,n_dynamic,city
204,0.7375,0.2625,1.0364797587016588,0.7644038220424734,0.23559617795752663,156,48,1
233,0.7197802197802198,0.2802197802197802,1.0355302514932059,0.745354192008846,0.254645807991154,174,59,1004
39,0.4262295081967213,0.5737704918032787,1.0311023398784342,0.4394862432268736,0.5605137567731264,17,22,126
686,0.6001863932898416,0.3998136067101584,0.9761446361416476,0.5858687284950802,0.4141312715049198,402,284,149
9,0.21428571428571427,0.7857142857142857,0.957719945771842,0.20522570266539472,0.7947742973346053,2,7,150
4,0.14285714285714285,0.8571428571428571,1.0446465780446064,0.14923522543494375,0.8507647745650563,1,3,830
25,0.4358974358974359,0.5641025641025641,1.0113791691047103,0.4408575865328224,0.5591424134671776,11,14,844
