n_total,historic_static_mean,historic_dynamic_mean,multiplier,static_prop_sim,dynamic_prop_sim,n_static,n_dynamic,city
59,0.7788778877887789,0.22112211221122113,0.7153944553211121,0.5572049222963117,0.4427950777036883,33,26,1
62,0.8136645962732919,0.18633540372670807,0.8474553686675851,0.6895444304065443,0.31045556959345566,43,19,1004
7,0.7428571428571429,0.2571428571428571,0.7137421676971033,0.5302084674321339,0.4697915325678661,4,3,126
185,0.6715328467153284,0.3284671532846715,0.8077097871640058,0.5424036526940769,0.45759634730592313,100,85,149
1,0.42857142857142855,0.5714285714285714,0.8239793023392432,0.3531339867168185,0.6468660132831815,0,1,150
0,1.0,0.0,0.7282169613078388,0.7282169613078388,0.27178303869216125,0,0,830
6,0.5862068965517241,0.41379310344827586,0.7375763746245597,0.432372357538535,0.567627642461465,3,3,844
