n_total,historic_static_mean,historic_dynamic_mean,multiplier,static_prop_sim,dynamic_prop_sim,n_static,n_dynamic,city
201,0.7788778877887789,0.22112211221122113,1.0125095466604668,0.7886212970688784,0.2113787029311216,159,42,1
214,0.8136645962732919,0.18633540372670807,1.0397213800969576,0.8459844769733009,0.15401552302669907,181,33,1004
23,0.7428571428571429,0.2571428571428571,1.0275685690245193,0.7633366512753572,0.23666334872464279,18,5,126
637,0.6715328467153284,0.3284671532846715,0.9725207189990591,0.6530796069190762,0.3469203930809238,416,221,149
5,0.42857142857142855,0.5714285714285714,0.9800166284911225,0.4200071264961953,0.5799928735038047,2,3,150
1,1.0,0.0,1.0373553445396262,1.0,0.0,1,0,830
19,0.5862068965517241,0.41379310344827586,0.9505265304565574,0.5572052075090164,0.44279479249098364,11,8,844
