n_total,historic_static_mean,historic_dynamic_mean,multiplier,static_prop_sim,dynamic_prop_sim,n_static,n_dynamic,city
220,0.7788778877887789,0.22112211221122113,1.1125095466604666,0.8665090858477562,0.1334909141522438,191,29,1
233,0.8136645962732919,0.18633540372670807,1.1397213800969574,0.92735093660063,0.07264906339937005,216,17,1004
25,0.7428571428571429,0.2571428571428571,1.1275685690245192,0.8376223655610714,0.1623776344389286,21,4,126
695,0.6715328467153284,0.3284671532846715,1.072520718999059,0.720232891590609,0.279767108409391,501,194,149
5,0.42857142857142855,0.5714285714285714,1.0800166284911226,0.46286426935333824,0.5371357306466618,2,3,150
1,1.0,0.0,1.137355344539626,1.0,0.0,1,0,830
21,0.5862068965517241,0.41379310344827586,1.0505265304565574,0.6158258971641888,0.3841741028358112,13,8,844
