n_total,historic_static_mean,historic_dynamic_mean,multiplier,static_prop_sim,dynamic_prop_sim,n_static,n_dynamic,city
37,0.7788778877887789,0.22112211221122113,0.6671298334287249,0.5196126755418451,0.4803873244581549,19,18,1
39,0.8136645962732919,0.18633540372670807,0.6973621013192199,0.5674188526261976,0.4325811473738024,22,17,1004
4,0.7428571428571429,0.2571428571428571,0.8102548930412794,0.6019036348306647,0.39809636516933533,2,2,126
115,0.6705020920502092,0.3294979079497908,0.7664324072128735,0.5138945324513096,0.48610546754869044,59,56,149
1,0.42857142857142855,0.5714285714285714,0.6688257284480799,0.28663959790631993,0.7133604020936801,0,1,150
0,1.0,0.0,0.7366253880472947,0.7366253880472947,0.2633746119527053,0,0,830
4,0.5862068965517241,0.41379310344827586,0.7458102596281668,0.4371991177130633,0.5628008822869367,2,2,844
