n_total,historic_static_mean,historic_dynamic_mean,multiplier,static_prop_sim,dynamic_prop_sim,n_static,n_dynamic,city
187,0.7375,0.2625,0.9628570202769199,0.7101070524542284,0.28989294754577155,133,54,1
213,0.7197802197802198,0.2802197802197802,0.9999277862440115,0.7197282417470632,0.2802717582529368,153,60,1004
36,0.4262295081967213,0.5737704918032787,1.0101498357623357,0.4305556677019791,0.5694443322980209,16,20,126
629,0.6001863932898416,0.3998136067101584,0.9528689008371944,0.5718989488715315,0.4281010511284685,360,269,149
8,0.21428571428571427,0.7857142857142857,0.9647926084577456,0.2067412732409455,0.7932587267590545,2,6,150
4,0.14285714285714285,0.8571428571428571,1.042821102296037,0.14897444318514813,0.8510255568148519,1,3,830
23,0.4358974358974359,0.5641025641025641,0.9570420576154196,0.4171721789605675,0.5828278210394324,10,13,844
