n_total,historic_static_mean,historic_dynamic_mean,multiplier,static_prop_sim,dynamic_prop_sim,n_static,n_dynamic,city
204,0.7375,0.2625,1.1456001709628976,0.844880126085137,0.15511987391486304,172,32,1
233,0.7197802197802198,0.2802197802197802,1.0707681810079146,0.7707177566595429,0.2292822433404571,180,53,1004
39,0.4262295081967213,0.5737704918032787,1.1328444885274531,0.4828517492084226,0.5171482507915774,19,20,126
686,0.6001863932898416,0.3998136067101584,1.064928212308202,0.6391554228578584,0.3608445771421416,438,248,149
9,0.21428571428571427,0.7857142857142857,1.1012804616436564,0.23598867035221208,0.764011329647788,2,7,150
4,0.14285714285714285,0.8571428571428571,1.0635919604020507,0.15194170862886439,0.8480582913711356,1,3,830
25,0.4358974358974359,0.5641025641025641,1.1189036479781131,0.48772723116994676,0.5122727688300532,12,13,844
