n_total,historic_static_mean,historic_dynamic_mean,multiplier,static_prop_sim,dynamic_prop_sim,n_static,n_dynamic,city
196,0.7375,0.2625,1.06285702027692,0.7838570524542287,0.21614294754577135,154,42,1
223,0.7197802197802198,0.2802197802197802,1.0999277862440116,0.7917062637250852,0.20829373627491476,177,46,1004
37,0.4262295081967213,0.5737704918032787,1.1101498357623356,0.4731786185216512,0.5268213814783488,18,19,126
657,0.6001863932898416,0.3998136067101584,1.0528689008371945,0.6319175882005157,0.3680824117994843,415,242,149
9,0.21428571428571427,0.7857142857142857,1.0647926084577457,0.22816984466951692,0.771830155330483,2,7,150
4,0.14285714285714285,0.8571428571428571,1.1428211022960368,0.1632601574708624,0.8367398425291376,1,3,830
24,0.4358974358974359,0.5641025641025641,1.0570420576154198,0.4607619225503112,0.5392380774496888,11,13,844
