n_total,historic_static_mean,historic_dynamic_mean,multiplier,static_prop_sim,dynamic_prop_sim,n_static,n_dynamic,city
29,0.7788778877887789,0.22112211221122113,1.324049840794017,1.0,0.0,29,0,1
31,0.8136645962732919,0.18633540372670807,1.207363441817511,0.9823888874415773,0.017611112558422737,30,1,1004
3,0.7428571428571429,0.2571428571428571,1.2706296300103124,0.9438962965790892,0.056103703420910755,3,0,126
93,0.6705020920502092,0.3294979079497908,1.3055068165840358,0.8753450517054047,0.12465494829459534,81,12,149
1,0.42857142857142855,0.5714285714285714,1.293214925920713,0.5542349682517341,0.44576503174826587,1,0,150
0,1.0,0.0,1.3330760240981017,1.0,0.0,0,0,830
3,0.5862068965517241,0.41379310344827586,1.322078729836577,0.7750116692145451,0.22498833078545488,2,1,844
