n_total,historic_static_mean,historic_dynamic_mean,multiplier,static_prop_sim,dynamic_prop_sim,n_static,n_dynamic,city
22,0.7788778877887789,0.22112211221122113,1.074049840794017,0.8365536713775182,0.16344632862248176,18,4,1
23,0.8136645962732919,0.18633540372670807,0.9573634418175111,0.7789727383732543,0.22102726162674569,18,5,1004
3,0.7428571428571429,0.2571428571428571,1.0206296300103124,0.7581820108648035,0.24181798913519648,2,1,126
69,0.6705020920502092,0.3294979079497908,1.0555068165840358,0.7077195286928524,0.2922804713071476,49,20,149
1,0.42857142857142855,0.5714285714285714,1.043214925920713,0.44709211110887703,0.552907888891123,0,1,150
0,1.0,0.0,1.0830760240981017,1.0,0.0,0,0,830
2,0.5862068965517241,0.41379310344827586,1.072078729836577,0.6284599450766141,0.37154005492338593,1,1,844
