n_total,historic_static_mean,historic_dynamic_mean,multiplier,static_prop_sim,dynamic_prop_sim,n_static,n_dynamic,city
37,0.7788778877887789,0.22112211221122113,0.7750190933209334,0.6036452344017831,0.3963547655982169,22,15,1
39,0.8136645962732919,0.18633540372670807,0.829442760193915,0.6748882086049868,0.3251117913950132,26,13,1004
4,0.7428571428571429,0.2571428571428571,0.8051371380490386,0.5981018739792858,0.4018981260207142,2,2,126
115,0.6715328467153284,0.3284671532846715,0.6950414379981183,0.46674315544399186,0.5332568445560082,54,61,149
1,0.42857142857142855,0.5714285714285714,0.7100332569822451,0.304299967278105,0.695700032721895,0,1,150
0,1.0,0.0,0.8247106890792524,0.8247106890792524,0.17528931092074762,0,0,830
4,0.5862068965517241,0.41379310344827586,0.651053060913115,0.3816517943283777,0.6183482056716223,2,2,844
