n_total,historic_static_mean,historic_dynamic_mean,multiplier,static_prop_sim,dynamic_prop_sim,n_static,n_dynamic,city
187,0.7375,0.2625,1.1364797587016586,0.8381538220424732,0.16184617795752676,157,30,1
213,0.7197802197802198,0.2802197802197802,1.1355302514932057,0.8173322139868678,0.18266778601313216,174,39,1004
36,0.4262295081967213,0.5737704918032787,1.1311023398784341,0.4821091940465457,0.5178908059534544,17,19,126
629,0.6001863932898416,0.3998136067101584,1.0761446361416476,0.6458873678240643,0.3541126321759357,406,223,149
8,0.21428571428571427,0.7857142857142857,1.0577199457718423,0.22665427409396618,0.7733457259060338,2,6,150
4,0.14285714285714285,0.8571428571428571,1.1446465780446062,0.16352093972065804,0.8364790602793419,1,3,830
23,0.4358974358974359,0.5641025641025641,1.1113791691047101,0.48444733012256597,0.515552669877434,11,12,844
