n_total,historic_static_mean,historic_dynamic_mean,multiplier,static_prop_sim,dynamic_prop_sim,n_static,n_dynamic,city
201,0.7788778877887789,0.22112211221122113,0.930500292374538,0.7247461023115214,0.27525389768847863,146,55,1
214,0.8136645962732919,0.18633540372670807,0.9307940789736493,0.7573541884816649,0.24264581151833509,162,52,1004
23,0.7428571428571429,0.2571428571428571,0.9015325561042141,0.6697098988202733,0.3302901011797267,15,8,126
637,0.6715328467153284,0.3284671532846715,0.8785801380088142,0.5899954211446051,0.4100045788553949,376,261,149
5,0.42857142857142855,0.5714285714285714,0.8553930702381656,0.36659703010207095,0.6334029698979291,2,3,150
1,1.0,0.0,0.8883368880785518,0.8883368880785518,0.11166311192144818,1,0,830
19,0.5862068965517241,0.41379310344827586,0.8908473205419999,0.5222208430763448,0.47777915692365525,10,9,844
