n_total,historic_static_mean,historic_dynamic_mean,multiplier,static_prop_sim,dynamic_prop_sim,n_static,n_dynamic,city
187,0.7375,0.2625,0.9330983318889111,0.688160019768072,0.31183998023192805,129,58,1
213,0.7197802197802198,0.2802197802197802,0.8860946666834256,0.6377934139314767,0.3622065860685233,136,77,1004
36,0.4262295081967213,0.5737704918032787,0.9202739305582055,0.3922479048280876,0.6077520951719124,14,22,126
629,0.6001863932898416,0.3998136067101584,0.9360118786652594,0.5617815935325509,0.43821840646744914,353,276,149
8,0.21428571428571427,0.7857142857142857,0.9141317480788165,0.1958853745883178,0.8041146254116822,2,6,150
4,0.14285714285714285,0.8571428571428571,0.9048363208813314,0.1292623315544759,0.8707376684455241,1,3,830
23,0.4358974358974359,0.5641025641025641,0.9262313422531193,0.4037418671359751,0.5962581328640248,9,14,844
