n_total,historic_static_mean,historic_dynamic_mean,multiplier,static_prop_sim,dynamic_prop_sim,n_static,n_dynamic,city
220,0.7788778877887789,0.22112211221122113,1.0370249203970086,0.8077157795831486,0.19228422041685145,178,42,1
233,0.8136645962732919,0.18633540372670807,0.9786817209087555,0.796318667323273,0.20368133267672694,186,47,1004
25,0.7428571428571429,0.2571428571428571,1.0103148150051562,0.7505195768609731,0.24948042313902685,19,6,126
695,0.6715328467153284,0.3284671532846715,1.027753408292018,0.69017017199172,0.30982982800827996,480,215,149
5,0.42857142857142855,0.5714285714285714,1.0216074629603566,0.4378317698401528,0.5621682301598472,2,3,150
1,1.0,0.0,1.0415380120490507,1.0,0.0,1,0,830
21,0.5862068965517241,0.41379310344827586,1.0360393649182884,0.607333420814169,0.39266657918583103,13,8,844
