n_total,historic_static_mean,historic_dynamic_mean,multiplier,static_prop_sim,dynamic_prop_sim,n_static,n_dynamic,city
192,0.7788778877887789,0.22112211221122113,0.9125095466604667,0.7107335082900005,0.2892664917099995,136,56,1
204,0.8136645962732919,0.18633540372670807,0.9397213800969575,0.7646180173459716,0.23538198265402843,156,48,1004
22,0.7428571428571429,0.2571428571428571,0.9275685690245193,0.6890509369896429,0.3109490630103571,15,7,126
609,0.6715328467153284,0.3284671532846715,0.8725207189990591,0.5859263222475434,0.4140736777524566,357,252,149
4,0.42857142857142855,0.5714285714285714,0.8800166284911225,0.3771499836390525,0.6228500163609475,2,2,150
1,1.0,0.0,0.9373553445396261,0.9373553445396261,0.0626446554603739,1,0,830
18,0.5862068965517241,0.41379310344827586,0.8505265304565575,0.498584517853844,0.501415482146156,9,9,844
