n_total,historic_static_mean,historic_dynamic_mean,multiplier,static_prop_sim,dynamic_prop_sim,n_static,n_dynamic,city
220,0.7788778877887789,0.22112211221122113,1.130500292374538,0.8805216798692771,0.1194783201307229,194,26,1
233,0.8136645962732919,0.18633540372670807,1.1307940789736493,0.9200871077363233,0.0799128922636767,214,19,1004
25,0.7428571428571429,0.2571428571428571,1.1015325561042142,0.818281327391702,0.181718672608298,20,5,126
695,0.6715328467153284,0.3284671532846715,1.0785801380088142,0.7243019904876709,0.27569800951232915,503,192,149
5,0.42857142857142855,0.5714285714285714,1.0553930702381658,0.45231131581635675,0.5476886841836432,2,3,150
1,1.0,0.0,1.0883368880785518,1.0,0.0,1,0,830
21,0.5862068965517241,0.41379310344827586,1.090847320542,0.6394622223866896,0.3605377776133104,13,8,844
