n_total,historic_static_mean,historic_dynamic_mean,multiplier,static_prop_sim,dynamic_prop_sim,n_static,n_dynamic,city
174,0.7788778877887789,0.22112211221122113,1.0443056105572368,0.8133865481567917,0.18661345184320832,142,32,1
185,0.8136645962732919,0.18633540372670807,1.0011327552814362,0.8145862791420381,0.18541372085796193,151,34,1004
20,0.7428571428571429,0.2571428571428571,1.0476243705707704,0.7782352467097152,0.22176475329028478,16,4,126
549,0.6715328467153284,0.3284671532846715,0.9580836023895601,0.6433846089039381,0.3566153910960619,353,196,149
4,0.42857142857142855,0.5714285714285714,1.010735583199503,0.43317239279978703,0.566827607200213,2,2,150
1,1.0,0.0,0.9876486584377272,0.9876486584377272,0.0123513415622728,1,0,830
17,0.5862068965517241,0.41379310344827586,1.0301901206985808,0.6039045535129611,0.39609544648703887,10,7,844
