n_total,historic_static_mean,historic_dynamic_mean,multiplier,static_prop_sim,dynamic_prop_sim,n_static,n_dynamic,city
174,0.7788778877887789,0.22112211221122113,1.0761612134249317,0.83819817283262,0.16180182716738,146,28,1
185,0.8136645962732919,0.18633540372670807,1.0798491143414124,0.8786349936566772,0.12136500634332281,163,22,1004
20,0.7428571428571429,0.2571428571428571,1.131422574059428,0.8404853407298608,0.1595146592701392,17,3,126
549,0.6715328467153284,0.3284671532846715,1.0591915942135097,0.7112819464791452,0.2887180535208548,390,159,149
4,0.42857142857142855,0.5714285714285714,1.1100100525965653,0.4757185939699565,0.5242814060300435,2,2,150
1,1.0,0.0,1.1228560526811795,1.0,0.0,1,0,830
17,0.5862068965517241,0.41379310344827586,1.0687901073366604,0.6265321318870077,0.37346786811299226,11,6,844
