n_total,historic_static_mean,historic_dynamic_mean,multiplier,static_prop_sim,dynamic_prop_sim,n_static,n_dynamic,city
59,0.7788778877887789,0.22112211221122113,0.7773923374642908,0.6054937017873684,0.3945062982126316,36,23,1
62,0.8136645962732919,0.18633540372670807,0.7039573427527741,0.5727851670845553,0.4272148329154447,36,26,1004
7,0.7428571428571429,0.2571428571428571,0.658194704787239,0.48894463784194897,0.511055362158051,3,4,126
185,0.6715328467153284,0.3284671532846715,0.6533055271057059,0.43871612039215285,0.5612838796078472,81,104,149
1,0.42857142857142855,0.5714285714285714,0.8126540478400545,0.34828030621716616,0.6517196937828338,0,1,150
0,1.0,0.0,0.8325511154555443,0.8325511154555443,0.16744888454445572,0,0,830
6,0.5862068965517241,0.41379310344827586,0.771327155153436,0.4521572978485659,0.547842702151434,3,3,844
