n_total,historic_static_mean,historic_dynamic_mean,multiplier,static_prop_sim,dynamic_prop_sim,n_static,n_dynamic,city
196,0.7375,0.2625,0.9456001709628975,0.697380126085137,0.302619873914863,137,59,1
223,0.7197802197802198,0.2802197802197802,0.8707681810079146,0.626761712703499,0.373238287296501,140,83,1004
37,0.4262295081967213,0.5737704918032787,0.932844488527453,0.39760584756907835,0.6023941524309216,15,22,126
657,0.6001863932898416,0.3998136067101584,0.864928212308202,0.5191181441998901,0.4808818558001099,341,316,149
9,0.21428571428571427,0.7857142857142857,0.9012804616436565,0.19313152749506923,0.8068684725049308,2,7,150
4,0.14285714285714285,0.8571428571428571,0.8635919604020507,0.1233702800574358,0.8766297199425642,0,4,830
24,0.4358974358974359,0.5641025641025641,0.9189036479781131,0.40054774399045956,0.5994522560095404,10,14,844
