n_total,historic_static_mean,historic_dynamic_mean,multiplier,static_prop_sim,dynamic_prop_sim,n_static,n_dynamic,city
59,0.7788778877887789,0.22112211221122113,1.3386112211144736,1.0,0.0,59,0,1
62,0.8136645962732919,0.18633540372670807,1.2522655105628724,1.0,0.0,62,0,1004
7,0.7428571428571429,0.2571428571428571,1.3452487411415408,0.9993276362765732,0.0006723637234268276,7,0,126
185,0.6705020920502092,0.3294979079497908,1.1661672047791203,0.7819175504847449,0.21808244951525513,145,40,149
1,0.42857142857142855,0.5714285714285714,1.271471166399006,0.5449162141710026,0.45508378582899744,1,0,150
0,1.0,0.0,1.2252973168754544,1.0,0.0,0,0,830
6,0.5862068965517241,0.41379310344827586,1.3103802413971615,0.7681539346121291,0.2318460653878709,5,1,844
