n_total,historic_static_mean,historic_dynamic_mean,multiplier,static_prop_sim,dynamic_prop_sim,n_static,n_dynamic,city
187,0.7375,0.2625,1.1330983318889112,0.835660019768072,0.16433998023192797,156,31,1
213,0.7197802197802198,0.2802197802197802,1.0860946666834257,0.7817494578875207,0.2182505421124793,167,46,1004
36,0.4262295081967213,0.5737704918032787,1.1202739305582055,0.4774938064674318,0.5225061935325682,17,19,126
629,0.6001863932898416,0.3998136067101584,1.1360118786652593,0.6818188721905192,0.3181811278094808,429,200,149
8,0.21428571428571427,0.7857142857142857,1.1141317480788164,0.23874251744546066,0.7612574825545393,2,6,150
4,0.14285714285714285,0.8571428571428571,1.1048363208813314,0.15783376012590447,0.8421662398740956,1,3,830
23,0.4358974358974359,0.5641025641025641,1.1262313422531194,0.4909213543154623,0.5090786456845378,11,12,844
