n_total,historic_static_mean,historic_dynamic_mean,multiplier,static_prop_sim,dynamic_prop_sim,n_static,n_dynamic,city
210,0.7788778877887789,0.22112211221122113,0.9038164351471942,0.7039626359562304,0.29603736404376957,148,62,1
224,0.8136645962732919,0.18633540372670807,0.8843270869813338,0.7195456422022033,0.2804543577977967,161,63,1004
24,0.7428571428571429,0.2571428571428571,0.8869067239795378,0.6588449949562282,0.34115500504377183,16,8,126
666,0.6715328467153284,0.3284671532846715,0.8874496765587883,0.5959516076161205,0.40404839238387946,397,269,149
5,0.42857142857142855,0.5714285714285714,0.9487444990186467,0.4066047852937057,0.5933952147062943,2,3,150
1,1.0,0.0,0.9132756272607145,0.9132756272607145,0.08672437273928546,1,0,830
20,0.5862068965517241,0.41379310344827586,0.9174323930504493,0.5378051959261254,0.4621948040738746,11,9,844
