n_total,historic_static_mean,historic_dynamic_mean,multiplier,static_prop_sim,dynamic_prop_sim,n_static,n_dynamic,city
162,0.7375,0.2625,1.0456001709628975,0.771130126085137,0.22886987391486302,125,37,1
184,0.7197802197802198,0.2802197802197802,0.9707681810079146,0.698739734681521,0.30126026531847905,129,55,1004
31,0.4262295081967213,0.5737704918032787,1.032844488527453,0.44022879838875045,0.5597712016112495,14,17,126
542,0.6001863932898416,0.3998136067101584,0.964928212308202,0.5791367835288743,0.4208632164711257,314,228,149
7,0.21428571428571427,0.7857142857142857,1.0012804616436566,0.2145600989236407,0.7854399010763593,2,5,150
4,0.14285714285714285,0.8571428571428571,0.9635919604020506,0.1376559943431501,0.8623440056568499,1,3,830
20,0.4358974358974359,0.5641025641025641,1.018903647978113,0.44413748758020316,0.5558625124197969,9,11,844
