n_total,historic_static_mean,historic_dynamic_mean,multiplier,static_prop_sim,dynamic_prop_sim,n_static,n_dynamic,city
210,0.7788778877887789,0.22112211221122113,0.9136961687321454,0.7116577419827931,0.2883422580172069,149,61,1
224,0.8136645962732919,0.18633540372670807,0.876978671376387,0.7135664965857559,0.2864335034142441,160,64,1004
24,0.7428571428571429,0.2571428571428571,0.8540973523936194,0.6344723189209744,0.36552768107902556,15,9,126
666,0.6715328467153284,0.3284671532846715,0.8516527635528529,0.5719128047216239,0.42808719527837613,381,285,149
5,0.42857142857142855,0.5714285714285714,0.9313270239200272,0.3991401531085831,0.6008598468914169,2,3,150
1,1.0,0.0,0.9412755577277722,0.9412755577277722,0.05872444227222784,1,0,830
20,0.5862068965517241,0.41379310344827586,0.9106635775767179,0.5338372696139381,0.46616273038606193,11,9,844
