n_total,historic_static_mean,historic_dynamic_mean,multiplier,static_prop_sim,dynamic_prop_sim,n_static,n_dynamic,city
37,0.7788778877887789,0.22112211221122113,0.9653944553211122,0.7519243942435065,0.24807560575649346,28,9,1
39,0.8136645962732919,0.18633540372670807,1.0974553686675852,0.8929605794748674,0.1070394205251326,35,4,1004
4,0.7428571428571429,0.2571428571428571,0.9637421676971034,0.7159227531464197,0.28407724685358027,3,1,126
115,0.6705020920502092,0.3294979079497908,1.0577097871640058,0.7091966250754473,0.29080337492455266,82,33,149
1,0.42857142857142855,0.5714285714285714,1.0739793023392432,0.46027684385967566,0.5397231561403244,0,1,150
0,1.0,0.0,0.9782169613078389,0.9782169613078389,0.02178303869216114,0,0,830
4,0.5862068965517241,0.41379310344827586,0.9875763746245598,0.578924081676466,0.42107591832353397,2,2,844
