n_total,historic_static_mean,historic_dynamic_mean,multiplier,static_prop_sim,dynamic_prop_sim,n_static,n_dynamic,city
196,0.7375,0.2625,0.8750824458108446,0.645373303785498,0.35462669621450205,126,70,1
223,0.7197802197802198,0.2802197802197802,0.9446752942859424,0.6799585909420794,0.32004140905792056,152,71,1004
37,0.4262295081967213,0.5737704918032787,0.8689320384539762,0.37036447540661277,0.6296355245933872,14,23,126
657,0.6001863932898416,0.3998136067101584,0.8679291410418107,0.5209192607930346,0.47908073920696537,342,315,149
9,0.21428571428571427,0.7857142857142857,0.8849889240595957,0.18964048372705622,0.8103595162729438,2,7,150
4,0.14285714285714285,0.8571428571428571,0.8730541246589906,0.12472201780842722,0.8752779821915728,0,4,830
24,0.4358974358974359,0.5641025641025641,0.9170445742772785,0.3997373785311214,0.6002626214688787,10,14,844
