n_total,historic_static_mean,historic_dynamic_mean,multiplier,static_prop_sim,dynamic_prop_sim,n_static,n_dynamic,city
204,0.7375,0.2625,0.8628570202769199,0.6363570524542285,0.36364294754577153,130,74,1
233,0.7197802197802198,0.2802197802197802,0.8999277862440115,0.6477502197690412,0.35224978023095876,151,82,1004
39,0.4262295081967213,0.5737704918032787,0.9101498357623357,0.38793271688230696,0.612067283117693,15,24,126
686,0.6001863932898416,0.3998136067101584,0.8528689008371945,0.5118803095425473,0.48811969045745274,351,335,149
9,0.21428571428571427,0.7857142857142857,0.8647926084577455,0.18531270181237403,0.814687298187626,2,7,150
4,0.14285714285714285,0.8571428571428571,0.9428211022960369,0.13468872889943384,0.8653112711005662,1,3,830
25,0.4358974358974359,0.5641025641025641,0.8570420576154196,0.3735824353708239,0.6264175646291761,9,16,844
