n_total,historic_static_mean,historic_dynamic_mean,multiplier,static_prop_sim,dynamic_prop_sim,n_static,n_dynamic,city
192,0.7788778877887789,0.22112211221122113,1.1038164351471942,0.8597382135139863,0.14026178648601373,165,27,1
204,0.8136645962732919,0.18633540372670807,1.0843270869813337,0.8822785614568616,0.11772143854313843,180,24,1004
22,0.7428571428571429,0.2571428571428571,1.0869067239795378,0.8074164235276566,0.19258357647234337,18,4,126
609,0.6715328467153284,0.3284671532846715,1.0874496765587882,0.7302581769591862,0.26974182304081384,445,164,149
4,0.42857142857142855,0.5714285714285714,1.1487444990186466,0.4923190710079914,0.5076809289920086,2,2,150
1,1.0,0.0,1.1132756272607145,1.0,0.0,1,0,830
18,0.5862068965517241,0.41379310344827586,1.1174323930504493,0.6550465752364703,0.34495342476352975,12,6,844
