n_total,historic_static_mean,historic_dynamic_mean,multiplier,static_prop_sim,dynamic_prop_sim,n_static,n_dynamic,city
59,0.7788778877887789,0.22112211221122113,1.0886112211144736,0.8478952085248045,0.1521047914751955,50,9,1
62,0.8136645962732919,0.18633540372670807,1.0022655105628724,0.8155079620107843,0.18449203798921565,51,11,1004
7,0.7428571428571429,0.2571428571428571,1.0952487411415408,0.8136133505622875,0.18638664943771255,6,1,126
185,0.6705020920502092,0.3294979079497908,0.9161672047791205,0.6142920274721927,0.3857079725278073,114,71,149
1,0.42857142857142855,0.5714285714285714,1.021471166399006,0.43777335702814535,0.5622266429718547,0,1,150
0,1.0,0.0,0.9752973168754545,0.9752973168754545,0.024702683124545488,0,0,830
6,0.5862068965517241,0.41379310344827586,1.0603802413971615,0.6216022104741981,0.37839778952580194,4,2,844
