n_total,historic_static_mean,historic_dynamic_mean,multiplier,static_prop_sim,dynamic_prop_sim,n_static,n_dynamic,city
165,0.7788778877887789,0.22112211221122113,1.1671298334287248,0.9090516194362345,0.09094838056376553,150,15,1
175,0.8136645962732919,0.18633540372670807,1.19736210131922,0.9742511507628435,0.02574884923715648,170,5,1004
19,0.7428571428571429,0.2571428571428571,1.3102548930412794,0.9733322062592361,0.02666779374076389,18,1,126
520,0.6715328467153284,0.3284671532846715,1.2664324072128736,0.850450959588207,0.14954904041179296,442,78,149
4,0.42857142857142855,0.5714285714285714,1.1688257284480799,0.5009253121920342,0.4990746878079658,2,2,150
1,1.0,0.0,1.2366253880472948,1.0,0.0,1,0,830
16,0.5862068965517241,0.41379310344827586,1.2458102596281668,0.7303025659889253,0.2696974340110747,12,4,844
